                  epoch,         train/box_loss,         train/cls_loss,         train/dfl_loss,   metrics/precision(B),      metrics/recall(B),       metrics/mAP50(B),    metrics/mAP50-95(B),           val/box_loss,           val/cls_loss,           val/dfl_loss,                 lr/pg0,                 lr/pg1,                 lr/pg2
                      0,                 1.8338,                 2.3113,                 1.8761,                0.92445,                0.80143,                 0.8781,                0.46168,                 1.5851,                 1.1366,                 1.6889,               0.070112,              0.0033208,              0.0033208
                      1,                 1.5466,                 1.3068,                 1.6567,                0.87534,                0.78705,                0.83766,                 0.3325,                 2.0068,                 1.1854,                 2.0953,               0.040079,              0.0066212,              0.0066212
                      2,                 1.5648,                 1.2924,                 1.6355,                0.92305,                0.81904,                0.88756,                0.38771,                 1.9012,                 1.0338,                 2.0177,               0.010013,              0.0098886,              0.0098886
                      3,                 1.5401,                 1.2611,                 1.6407,                0.89377,                0.80103,                0.86238,                0.40725,                 1.6703,                 1.1204,                 1.7766,              0.0098515,              0.0098515,              0.0098515
                      4,                 1.4995,                 1.1931,                 1.5967,                0.93516,                0.83747,                0.89803,                0.43688,                 1.7356,                0.87575,                 1.8167,              0.0098515,              0.0098515,              0.0098515
                      5,                  1.472,                 1.1211,                 1.5708,                0.93488,                0.81424,                0.90292,                0.51839,                 1.4603,                0.84456,                 1.5832,               0.009802,               0.009802,               0.009802
                      6,                 1.4245,                 1.0479,                 1.5501,                0.95395,                0.87373,                0.92468,                0.53172,                 1.4724,                0.76115,                 1.5879,              0.0097525,              0.0097525,              0.0097525
                      7,                 1.4184,                 1.0416,                 1.5356,                0.95818,                0.89719,                0.94788,                0.57844,                 1.3265,                0.68339,                 1.4787,               0.009703,               0.009703,               0.009703
                      8,                 1.3956,                 1.0231,                 1.5209,                0.85921,                0.63046,                0.71426,                0.39839,                 1.6771,                 1.2614,                  1.657,              0.0096535,              0.0096535,              0.0096535
                      9,                 1.3922,                 1.0053,                 1.5093,                0.95717,                0.87711,                0.93948,                0.60728,                 1.2378,                0.68018,                 1.4217,               0.009604,               0.009604,               0.009604
                     10,                 1.3544,                0.95959,                 1.4881,                0.95038,                 0.9102,                0.94953,                0.57032,                  1.347,                0.68012,                 1.5027,              0.0095545,              0.0095545,              0.0095545
                     11,                 1.3485,                0.94658,                 1.4872,                0.97475,                0.88589,                0.95353,                0.59088,                 1.3025,                0.64524,                 1.4706,               0.009505,               0.009505,               0.009505
                     12,                  1.343,                  0.919,                 1.4822,                0.95774,                0.87914,                0.94503,                0.53597,                 1.4281,                0.71643,                 1.5477,              0.0094555,              0.0094555,              0.0094555
                     13,                 1.3265,                 0.9107,                 1.4669,                0.97282,                0.90007,                0.95083,                0.60633,                 1.2692,                0.63761,                 1.4223,               0.009406,               0.009406,               0.009406
                     14,                 1.3039,                0.90018,                 1.4506,                0.96754,                0.89196,                0.95046,                0.61585,                 1.2153,                 0.6085,                 1.4016,              0.0093565,              0.0093565,              0.0093565
                     15,                 1.3065,                0.88266,                 1.4501,                0.97031,                0.90479,                0.95561,                0.61294,                 1.2456,                0.59592,                 1.4117,               0.009307,               0.009307,               0.009307
                     16,                 1.2908,                0.87132,                 1.4385,                0.96878,                0.90108,                0.95903,                0.61526,                 1.2551,                0.60394,                 1.4314,              0.0092575,              0.0092575,              0.0092575
                     17,                 1.2966,                0.87117,                  1.438,                0.96006,                0.91155,                0.96012,                0.63206,                 1.1915,                0.57935,                 1.3922,               0.009208,               0.009208,               0.009208
                     18,                 1.2683,                0.85349,                 1.4281,                 0.9554,                0.89675,                 0.9546,                0.64202,                 1.1616,                0.60728,                 1.3613,              0.0091585,              0.0091585,              0.0091585
                     19,                 1.2771,                0.85786,                 1.4442,                0.97264,                0.91198,                0.96242,                0.65497,                 1.1112,                0.55147,                 1.3254,               0.009109,               0.009109,               0.009109
                     20,                 1.2714,                 0.8452,                  1.431,                0.96409,                0.90631,                0.95653,                0.64451,                 1.1374,                0.58069,                 1.3485,              0.0090595,              0.0090595,              0.0090595
                     21,                 1.2574,                0.82413,                 1.4192,                0.97646,                0.89624,                0.94897,                0.64029,                 1.1267,                 0.5867,                 1.3428,                0.00901,                0.00901,                0.00901
                     22,                 1.2399,                0.80789,                 1.4081,                0.96773,                0.92438,                0.96612,                0.65044,                 1.1304,                0.54479,                 1.3464,              0.0089605,              0.0089605,              0.0089605
                     23,                 1.2533,                0.81868,                 1.4134,                0.96916,                 0.9102,                0.96118,                0.65683,                 1.1115,                 0.5464,                 1.3327,               0.008911,               0.008911,               0.008911
                     24,                 1.2319,                 0.8024,                 1.4127,                  0.967,                0.91222,                0.96181,                0.64701,                 1.1368,                0.54891,                 1.3645,              0.0088615,              0.0088615,              0.0088615
                     25,                 1.2288,                0.80811,                 1.4072,                0.97668,                0.90474,                0.96195,                0.66221,                 1.0781,                0.53443,                 1.3153,               0.008812,               0.008812,               0.008812
                     26,                 1.2345,                  0.792,                  1.409,                0.97143,                0.91823,                0.96138,                0.65826,                 1.0989,                0.54448,                 1.3289,              0.0087625,              0.0087625,              0.0087625
                     27,                 1.2255,                0.79785,                 1.3993,                 0.9755,                0.91406,                0.96126,                0.65716,                 1.1166,                0.52681,                 1.3322,               0.008713,               0.008713,               0.008713
                     28,                 1.2137,                0.77434,                 1.3937,                0.98042,                0.92573,                0.96378,                0.64538,                  1.147,                0.51461,                 1.3497,              0.0086635,              0.0086635,              0.0086635
                     29,                 1.2204,                0.77917,                 1.3874,                0.97138,                0.92302,                0.96364,                0.66971,                 1.0821,                 0.5164,                 1.3084,               0.008614,               0.008614,               0.008614
                     30,                 1.1996,                 0.7746,                  1.377,                0.97496,                0.92014,                0.96574,                0.67099,                 1.0893,                0.51053,                 1.3185,              0.0085645,              0.0085645,              0.0085645
                     31,                 1.2127,                0.78366,                 1.3904,                0.98293,                0.91627,                0.96392,                0.64238,                 1.1514,                0.54838,                 1.3502,               0.008515,               0.008515,               0.008515
                     32,                 1.1954,                0.76696,                 1.3873,                0.97681,                0.93248,                0.96826,                0.65675,                 1.1263,                0.50879,                 1.3382,              0.0084655,              0.0084655,              0.0084655
                     33,                 1.2144,                0.76675,                 1.3958,                0.97997,                0.92486,                0.96842,                0.65575,                 1.1299,                0.50578,                 1.3408,               0.008416,               0.008416,               0.008416
                     34,                 1.1928,                 0.7612,                 1.3692,                  0.978,                0.93038,                0.96809,                0.66953,                 1.1203,                0.48863,                 1.3388,              0.0083665,              0.0083665,              0.0083665
                     35,                 1.1854,                 0.7471,                   1.37,                0.97518,                0.92846,                0.96831,                0.67992,                 1.0786,                0.49112,                 1.2932,               0.008317,               0.008317,               0.008317
                     36,                 1.1909,                0.74653,                 1.3794,                0.96709,                0.92505,                0.96541,                0.68162,                 1.0653,                0.49636,                 1.2887,              0.0082675,              0.0082675,              0.0082675
                     37,                 1.1987,                0.76286,                 1.3872,                0.96176,                0.93408,                0.96733,                0.66726,                 1.0914,                0.48572,                 1.3097,               0.008218,               0.008218,               0.008218
                     38,                 1.1887,                0.75106,                  1.375,                0.98705,                0.92602,                0.96614,                0.67848,                 1.0613,                0.49514,                 1.2946,              0.0081685,              0.0081685,              0.0081685
                     39,                 1.1696,                0.74081,                  1.363,                0.97612,                0.93822,                0.97403,                0.68059,                 1.0548,                0.47992,                 1.2928,               0.008119,               0.008119,               0.008119
                     40,                  1.185,                0.74485,                 1.3675,                0.97946,                0.93372,                0.97377,                0.64284,                 1.1793,                0.50066,                 1.3663,              0.0080695,              0.0080695,              0.0080695
                     41,                  1.173,                0.72397,                 1.3702,                  0.978,                 0.9318,                0.97188,                0.68157,                 1.0665,                0.48346,                 1.2917,                0.00802,                0.00802,                0.00802
                     42,                 1.1788,                0.74141,                 1.3828,                0.97477,                0.93931,                0.97396,                0.68015,                 1.0602,                0.47353,                 1.2954,              0.0079705,              0.0079705,              0.0079705
                     43,                 1.1624,                0.72977,                 1.3667,                0.97911,                0.93113,                0.97266,                0.68286,                  1.039,                0.47847,                 1.2822,               0.007921,               0.007921,               0.007921
                     44,                 1.1691,                 0.7318,                 1.3691,                0.97805,                0.93259,                0.96688,                0.68252,                 1.0487,                0.49328,                 1.2916,              0.0078715,              0.0078715,              0.0078715
                     45,                 1.1704,                 0.7361,                 1.3723,                0.96939,                0.94126,                0.97027,                0.69119,                 1.0377,                0.46952,                 1.2809,               0.007822,               0.007822,               0.007822
                     46,                  1.167,                0.73301,                 1.3583,                0.97987,                0.94328,                0.97715,                0.69015,                 1.0571,                0.45807,                 1.2959,              0.0077725,              0.0077725,              0.0077725
                     47,                 1.1553,                0.72964,                  1.354,                0.98132,                0.94058,                 0.9772,                0.69154,                 1.0659,                0.45987,                 1.2987,               0.007723,               0.007723,               0.007723
                     48,                 1.1592,                0.71943,                 1.3595,                0.97919,                0.93585,                0.97586,                0.68656,                 1.0475,                0.46183,                   1.28,              0.0076735,              0.0076735,              0.0076735
                     49,                  1.158,                0.73208,                 1.3621,                0.97693,                0.93315,                0.97409,                 0.6878,                 1.0431,                0.46054,                 1.2756,               0.007624,               0.007624,               0.007624
                     50,                 1.1452,                0.70341,                 1.3391,                 0.9686,                0.93723,                0.97039,                0.68315,                 1.0499,                0.46857,                 1.2781,              0.0075745,              0.0075745,              0.0075745
                     51,                  1.146,                0.70831,                 1.3525,                0.98066,                0.93045,                0.96945,                0.68067,                 1.0606,                0.46041,                 1.2899,               0.007525,               0.007525,               0.007525
                     52,                 1.1565,                0.71458,                  1.352,                0.98586,                0.94164,                0.97739,                0.68525,                 1.0785,                0.45429,                 1.3027,              0.0074755,              0.0074755,              0.0074755
                     53,                 1.1392,                 0.6995,                  1.345,                0.96917,                0.94531,                0.97682,                0.68667,                 1.0575,                0.45128,                 1.2869,               0.007426,               0.007426,               0.007426
                     54,                 1.1386,                0.70818,                 1.3486,                0.97887,                0.94463,                0.97688,                0.69648,                 1.0416,                0.44444,                 1.2708,              0.0073765,              0.0073765,              0.0073765
                     55,                 1.1448,                0.71905,                  1.344,                0.97482,                0.94107,                0.97385,                0.69489,                 1.0458,                0.45451,                 1.2773,               0.007327,               0.007327,               0.007327
                     56,                 1.1366,                0.69283,                 1.3483,                 0.9741,                0.93946,                0.97389,                0.69263,                 1.0384,                  0.442,                 1.2697,              0.0072775,              0.0072775,              0.0072775
                     57,                 1.1423,                0.69822,                 1.3474,                 0.9815,                0.93149,                 0.9737,                0.69398,                 1.0248,                0.47469,                 1.2634,               0.007228,               0.007228,               0.007228
                     58,                 1.1544,                0.70018,                 1.3565,                0.98024,                0.93809,                 0.9722,                0.68606,                 1.0374,                0.45474,                 1.2709,              0.0071785,              0.0071785,              0.0071785
                     59,                 1.1277,                0.68822,                 1.3312,                0.97071,                0.94733,                0.97586,                0.70338,                 1.0218,                0.44179,                 1.2618,               0.007129,               0.007129,               0.007129
                     60,                 1.1469,                  0.687,                 1.3399,                0.97551,                0.94137,                0.97306,                0.69967,                 1.0279,                0.44524,                 1.2593,              0.0070795,              0.0070795,              0.0070795
                     61,                 1.1395,                0.70079,                 1.3433,                0.97953,                0.94261,                 0.9777,                0.70785,                 1.0125,                 0.4321,                 1.2551,                0.00703,                0.00703,                0.00703
                     62,                 1.1245,                0.69034,                 1.3385,                0.98457,                0.93113,                0.97606,                0.70316,                 1.0128,                0.43404,                 1.2564,              0.0069805,              0.0069805,              0.0069805
                     63,                 1.1243,                0.67895,                 1.3407,                0.98249,                 0.9372,                0.97702,                 0.6963,                  1.042,                0.43933,                  1.273,               0.006931,               0.006931,               0.006931
                     64,                 1.1081,                0.67453,                 1.3276,                0.98377,                0.93991,                0.97795,                0.70164,                 1.0111,                0.43019,                 1.2575,              0.0068815,              0.0068815,              0.0068815
                     65,                 1.1266,                0.68498,                 1.3313,                0.98149,                0.94531,                 0.9769,                0.70718,                 1.0094,                0.42144,                 1.2568,               0.006832,               0.006832,               0.006832
                     66,                 1.1143,                0.68386,                  1.328,                0.97497,                0.94671,                0.97377,                0.67931,                 1.0721,                0.45086,                 1.2852,              0.0067825,              0.0067825,              0.0067825
                     67,                 1.1204,                0.67907,                 1.3245,                0.97973,                0.94801,                0.98056,                0.70362,                 1.0297,                0.41988,                 1.2661,               0.006733,               0.006733,               0.006733
                     68,                 1.1168,                0.67336,                 1.3289,                0.98072,                0.94666,                0.97542,                0.70249,                 1.0229,                0.42879,                 1.2586,              0.0066835,              0.0066835,              0.0066835
                     69,                 1.1049,                0.66903,                 1.3186,                0.97465,                0.94868,                0.97886,                0.70248,                 1.0095,                0.42594,                 1.2569,               0.006634,               0.006634,               0.006634
                     70,                 1.0975,                0.66614,                 1.3221,                 0.9715,                0.94531,                0.97663,                0.70783,                0.99883,                0.42069,                 1.2536,              0.0065845,              0.0065845,              0.0065845
                     71,                 1.1259,                  0.684,                  1.331,                0.98371,                0.93774,                0.97567,                0.70329,                 1.0135,                0.42589,                 1.2589,               0.006535,               0.006535,               0.006535
                     72,                 1.1159,                0.67524,                 1.3271,                0.98107,                0.94499,                0.97848,                0.71251,                 1.0146,                0.41983,                 1.2517,              0.0064855,              0.0064855,              0.0064855
                     73,                 1.1162,                0.68772,                 1.3225,                0.98733,                0.94463,                0.97835,                0.69842,                 1.0167,                0.42607,                  1.254,               0.006436,               0.006436,               0.006436
                     74,                 1.1077,                0.66813,                  1.327,                0.98176,                0.94492,                0.97607,                0.70836,                 1.0065,                0.41481,                 1.2527,              0.0063865,              0.0063865,              0.0063865
                     75,                 1.1093,                0.66196,                 1.3164,                0.97977,                0.95409,                0.97727,                 0.6997,                 1.0127,                0.41551,                 1.2592,               0.006337,               0.006337,               0.006337
                     76,                 1.0961,                0.65655,                 1.3097,                0.98282,                0.94868,                0.97801,                0.70631,                 1.0077,                0.41342,                 1.2493,              0.0062875,              0.0062875,              0.0062875
                     77,                 1.1111,                0.66143,                 1.3256,                0.97693,                 0.9437,                0.97746,                0.71407,                0.99784,                0.41481,                  1.243,               0.006238,               0.006238,               0.006238
                     78,                 1.0972,                0.65901,                 1.3141,                0.98112,                0.94598,                0.97538,                0.71004,                0.99662,                0.41559,                 1.2404,              0.0061885,              0.0061885,              0.0061885
                     79,                 1.0826,                0.65544,                 1.3028,                0.98044,                0.94753,                0.97493,                0.70324,                 1.0155,                0.41585,                 1.2507,               0.006139,               0.006139,               0.006139
                     80,                 1.0976,                0.65317,                 1.3138,                0.98658,                0.94344,                0.97588,                0.71374,                0.98933,                  0.412,                 1.2381,              0.0060895,              0.0060895,              0.0060895
                     81,                 1.0866,                0.65437,                 1.3001,                0.98391,                0.94969,                0.97484,                0.70963,                 1.0017,                0.41293,                 1.2471,                0.00604,                0.00604,                0.00604
                     82,                    1.1,                0.65731,                 1.3121,                0.97223,                0.94936,                0.97793,                 0.7089,                0.99676,                0.40871,                 1.2385,              0.0059905,              0.0059905,              0.0059905
                     83,                 1.0891,                0.65108,                  1.307,                0.97501,                0.94839,                0.97904,                0.70798,                 1.0019,                0.41242,                  1.247,               0.005941,               0.005941,               0.005941
                     84,                 1.0868,                0.65163,                 1.3032,                 0.9825,                0.94771,                0.98026,                0.70764,                 1.0069,                0.41023,                 1.2477,              0.0058915,              0.0058915,              0.0058915
                     85,                 1.0704,                0.64222,                 1.2951,                0.97905,                0.94649,                0.97982,                0.71209,                 1.0164,                0.40134,                 1.2572,               0.005842,               0.005842,               0.005842
                     86,                 1.0857,                0.64774,                  1.311,                0.97993,                0.95602,                0.98119,                0.71069,                 1.0012,                0.39394,                 1.2481,              0.0057925,              0.0057925,              0.0057925
                     87,                 1.0857,                0.63918,                 1.3006,                0.97949,                0.94598,                 0.9769,                0.71119,                0.99324,                0.40744,                  1.239,               0.005743,               0.005743,               0.005743
                     88,                 1.0852,                0.65302,                 1.3078,                0.98439,                0.94261,                0.97622,                0.70598,                 1.0013,                 0.4064,                 1.2466,              0.0056935,              0.0056935,              0.0056935
                     89,                 1.0795,                0.64823,                 1.3092,                0.97514,                0.95341,                0.98025,                0.71594,                0.98828,                0.39775,                 1.2359,               0.005644,               0.005644,               0.005644
                     90,                 1.0857,                0.63661,                 1.3008,                 0.9833,                0.95394,                0.97977,                0.70682,                 1.0017,                0.40437,                  1.244,              0.0055945,              0.0055945,              0.0055945
                     91,                 1.0766,                 0.6496,                 1.2982,                0.98521,                0.94449,                0.97835,                0.71558,                0.97815,                0.39709,                 1.2314,               0.005545,               0.005545,               0.005545
                     92,                  1.071,                0.63973,                 1.3027,                0.98512,                0.94733,                0.97981,                0.71154,                0.98439,                0.39485,                 1.2363,              0.0054955,              0.0054955,              0.0054955
                     93,                 1.0567,                0.62612,                 1.2873,                0.98367,                0.95273,                 0.9807,                0.71544,                0.98771,                 0.3888,                 1.2368,               0.005446,               0.005446,               0.005446
                     94,                 1.0692,                0.63379,                 1.2947,                 0.9772,                0.95138,                0.97685,                0.71104,                0.98706,                0.39702,                 1.2374,              0.0053965,              0.0053965,              0.0053965
                     95,                 1.0565,                0.61387,                 1.2783,                0.97754,                0.95273,                0.97986,                0.71879,                0.97624,                0.39318,                 1.2341,               0.005347,               0.005347,               0.005347
                     96,                  1.063,                0.63665,                 1.2899,                0.98415,                0.94531,                0.97833,                0.71482,                0.97805,                0.39506,                 1.2328,              0.0052975,              0.0052975,              0.0052975
                     97,                 1.0663,                0.64425,                  1.289,                 0.9851,                0.94598,                0.97858,                0.71276,                0.97178,                0.40078,                 1.2244,               0.005248,               0.005248,               0.005248
                     98,                 1.0565,                0.61436,                 1.2734,                0.97417,                0.95206,                 0.9799,                0.71205,                0.98134,                0.39677,                 1.2325,              0.0051985,              0.0051985,              0.0051985
                     99,                 1.0809,                0.63839,                 1.2913,                0.98184,                0.94938,                0.98104,                0.71914,                0.98064,                0.39345,                  1.229,               0.005149,               0.005149,               0.005149
                    100,                   1.06,                0.62777,                 1.2818,                0.98602,                0.95272,                0.97898,                0.71464,                0.98251,                0.39368,                 1.2335,              0.0050995,              0.0050995,              0.0050995
                    101,                 1.0589,                0.62492,                  1.292,                 0.9839,                0.94918,                 0.9833,                0.71626,                0.98434,                0.39102,                 1.2375,                0.00505,                0.00505,                0.00505
                    102,                 1.0517,                0.61201,                 1.2825,                0.98538,                0.94868,                0.98206,                0.71531,                0.98481,                0.39232,                 1.2321,              0.0050005,              0.0050005,              0.0050005
                    103,                 1.0514,                0.61968,                 1.2808,                0.98538,                0.95599,                0.98089,                0.71422,                0.97337,                 0.3947,                 1.2261,               0.004951,               0.004951,               0.004951
                    104,                 1.0594,                0.62758,                 1.2909,                0.98536,                 0.9547,                0.98082,                0.71895,                 0.9716,                0.38753,                 1.2251,              0.0049015,              0.0049015,              0.0049015
                    105,                  1.049,                0.61928,                 1.2758,                0.98542,                0.95821,                0.98204,                0.71379,                0.98582,                0.38661,                 1.2348,               0.004852,               0.004852,               0.004852
                    106,                 1.0496,                 0.6221,                 1.2846,                0.98485,                0.94936,                0.97882,                0.71665,                0.98169,                0.39548,                 1.2335,              0.0048025,              0.0048025,              0.0048025
                    107,                 1.0516,                0.61514,                 1.2806,                0.98181,                0.94757,                0.97992,                0.71724,                0.97779,                0.39488,                 1.2316,               0.004753,               0.004753,               0.004753
                    108,                 1.0422,                0.60382,                 1.2682,                0.97851,                0.95316,                0.97981,                0.71055,                0.98182,                0.39038,                 1.2319,              0.0047035,              0.0047035,              0.0047035
                    109,                 1.0412,                0.60998,                  1.274,                0.98369,                0.95138,                0.98031,                0.71825,                0.97592,                0.39028,                 1.2253,               0.004654,               0.004654,               0.004654
                    110,                 1.0487,                0.62061,                 1.2831,                0.98737,                0.95206,                0.98203,                0.72127,                0.97038,                0.38197,                 1.2258,              0.0046045,              0.0046045,              0.0046045
                    111,                 1.0396,                0.60887,                 1.2818,                0.98739,                0.95138,                0.98273,                0.72399,                0.97238,                0.38168,                 1.2278,               0.004555,               0.004555,               0.004555
                    112,                 1.0505,                0.61301,                 1.2796,                0.98292,                0.95003,                0.98249,                 0.7246,                0.97102,                0.37865,                 1.2267,              0.0045055,              0.0045055,              0.0045055
                    113,                 1.0327,                0.59833,                 1.2718,                0.97661,                0.95881,                0.98016,                 0.7248,                0.97307,                0.37656,                 1.2276,               0.004456,               0.004456,               0.004456
                    114,                 1.0308,                0.60709,                 1.2642,                 0.9806,                0.95556,                0.98055,                0.72046,                0.97135,                0.37958,                 1.2275,              0.0044065,              0.0044065,              0.0044065
                    115,                 1.0333,                0.59591,                 1.2676,                0.98337,                0.95273,                0.98117,                0.71958,                0.96743,                0.37674,                 1.2251,               0.004357,               0.004357,               0.004357
                    116,                 1.0264,                0.59561,                 1.2652,                0.98326,                 0.9518,                0.97913,                0.72021,                0.96818,                0.37566,                 1.2222,              0.0043075,              0.0043075,              0.0043075
                    117,                 1.0218,                0.58431,                 1.2611,                0.97886,                0.95949,                0.98231,                0.71992,                0.97157,                0.37044,                 1.2248,               0.004258,               0.004258,               0.004258
                    118,                 1.0312,                0.59614,                 1.2714,                0.97588,                0.96084,                0.98243,                0.72219,                0.97324,                0.37387,                 1.2246,              0.0042085,              0.0042085,              0.0042085
                    119,                 1.0226,                0.59424,                  1.266,                0.98401,                 0.9558,                0.98184,                0.72156,                0.96953,                0.37772,                  1.223,               0.004159,               0.004159,               0.004159
                    120,                 1.0211,                0.58598,                 1.2595,                0.97786,                0.96016,                0.98067,                0.72627,                0.95846,                0.37314,                 1.2192,              0.0041095,              0.0041095,              0.0041095
                    121,                 1.0223,                0.59822,                 1.2676,                0.98132,                0.95949,                0.98238,                 0.7249,                0.96552,                0.37196,                 1.2248,                0.00406,                0.00406,                0.00406
                    122,                  1.018,                0.59112,                 1.2678,                0.98129,                0.95593,                0.98158,                0.72517,                0.97332,                0.37343,                 1.2273,              0.0040105,              0.0040105,              0.0040105
                    123,                 1.0193,                 0.5891,                 1.2612,                0.98205,                0.96046,                0.98284,                0.72305,                  0.972,                0.37439,                 1.2265,               0.003961,               0.003961,               0.003961
                    124,                 1.0112,                0.57644,                 1.2447,                0.97932,                0.95946,                0.98295,                0.72664,                0.96512,                0.37259,                  1.224,              0.0039115,              0.0039115,              0.0039115
                    125,                 1.0096,                0.58959,                 1.2603,                0.98308,                0.96084,                0.98314,                0.72366,                 0.9703,                0.37098,                 1.2265,               0.003862,               0.003862,               0.003862
                    126,                 1.0118,                0.59035,                 1.2624,                0.97983,                0.96286,                0.98256,                0.72235,                0.97077,                0.37191,                  1.226,              0.0038125,              0.0038125,              0.0038125
                    127,                 1.0269,                0.59073,                 1.2624,                0.98341,                0.96037,                0.98244,                0.72475,                0.96802,                0.36987,                  1.221,               0.003763,               0.003763,               0.003763
                    128,                 1.0049,                0.58486,                 1.2493,                0.98213,                 0.9647,                 0.9817,                0.72423,                0.96162,                0.36766,                 1.2177,              0.0037135,              0.0037135,              0.0037135
                    129,                 1.0131,                 0.5869,                 1.2549,                0.98095,                0.95949,                0.98178,                0.72362,                0.96224,                0.36735,                 1.2166,               0.003664,               0.003664,               0.003664
                    130,                 1.0014,                0.57709,                 1.2549,                0.98254,                0.96084,                0.98229,                0.72434,                 0.9616,                0.36525,                 1.2178,              0.0036145,              0.0036145,              0.0036145
                    131,                  1.014,                0.58011,                 1.2468,                  0.985,                0.95949,                0.98011,                0.72342,                0.96283,                 0.3676,                 1.2194,               0.003565,               0.003565,               0.003565
                    132,                 1.0047,                0.58058,                 1.2506,                0.97938,                0.96194,                0.98158,                0.72539,                0.96183,                0.37141,                 1.2197,              0.0035155,              0.0035155,              0.0035155
                    133,                 1.0012,                0.57049,                 1.2493,                0.98409,                0.96054,                0.98334,                0.72467,                0.95629,                0.36651,                 1.2159,               0.003466,               0.003466,               0.003466
                    134,                  1.007,                0.59012,                 1.2631,                0.98206,                0.96109,                0.98324,                0.72959,                0.96046,                0.36593,                 1.2183,              0.0034165,              0.0034165,              0.0034165
                    135,                0.99598,                0.56491,                 1.2436,                0.98668,                0.95881,                0.98305,                0.72933,                0.96085,                0.36538,                 1.2169,               0.003367,               0.003367,               0.003367
                    136,                 1.0057,                0.58334,                 1.2535,                0.98405,                0.95831,                0.98247,                 0.7274,                0.96168,                0.36319,                 1.2166,              0.0033175,              0.0033175,              0.0033175
                    137,                0.98697,                0.56741,                 1.2441,                0.98537,                0.95483,                0.98023,                0.72422,                0.96801,                0.36486,                 1.2232,               0.003268,               0.003268,               0.003268
                    138,                0.99801,                 0.5798,                 1.2395,                0.97901,                0.95544,                0.97961,                0.72567,                0.96579,                0.36677,                  1.223,              0.0032185,              0.0032185,              0.0032185
                    139,                0.98894,                0.56445,                 1.2415,                  0.978,                0.96151,                0.98087,                0.72415,                0.96407,                0.36452,                 1.2212,               0.003169,               0.003169,               0.003169
                    140,                0.98769,                0.56173,                 1.2398,                0.97938,                0.96219,                  0.983,                0.72503,                0.96651,                0.36409,                 1.2235,              0.0031195,              0.0031195,              0.0031195
                    141,                0.98611,                0.56996,                 1.2351,                0.98361,                0.95814,                0.98199,                0.72617,                0.96279,                0.36124,                 1.2215,                0.00307,                0.00307,                0.00307
                    142,                0.99308,                0.56506,                 1.2385,                0.98006,                0.96235,                0.98316,                0.72562,                0.96466,                 0.3611,                 1.2207,              0.0030205,              0.0030205,              0.0030205
                    143,                 1.0002,                0.57634,                 1.2473,                0.98203,                0.95965,                0.98191,                0.72494,                0.96441,                0.36035,                 1.2203,               0.002971,               0.002971,               0.002971
                    144,                0.99916,                0.57402,                 1.2399,                0.98087,                0.96219,                0.98195,                0.72537,                0.96194,                0.35917,                 1.2174,              0.0029215,              0.0029215,              0.0029215
                    145,                0.98473,                0.56081,                 1.2374,                0.97907,                0.96084,                0.98159,                0.72734,                0.96128,                0.36078,                 1.2159,               0.002872,               0.002872,               0.002872
                    146,                0.97566,                0.56012,                 1.2281,                0.98029,                0.95881,                0.98306,                0.72402,                0.96233,                0.35979,                 1.2179,              0.0028225,              0.0028225,              0.0028225
                    147,                0.97969,                 0.5625,                 1.2386,                0.98337,                0.95832,                0.98334,                0.72561,                0.96263,                0.36071,                 1.2188,               0.002773,               0.002773,               0.002773
                    148,                0.97776,                0.56411,                 1.2315,                0.97669,                0.96171,                0.98363,                0.72509,                0.95892,                0.36186,                 1.2182,              0.0027235,              0.0027235,              0.0027235
                    149,                0.98086,                0.57258,                 1.2335,                0.98043,                0.96219,                0.98289,                0.72196,                0.96242,                0.36319,                 1.2201,               0.002674,               0.002674,               0.002674
                    150,                0.97314,                0.55858,                 1.2272,                0.98072,                 0.9617,                0.98213,                0.72354,                0.96317,                0.36198,                 1.2228,              0.0026245,              0.0026245,              0.0026245
                    151,                0.97312,                 0.5479,                  1.228,                0.98265,                0.96354,                0.98268,                0.72642,                0.95884,                0.35815,                 1.2195,               0.002575,               0.002575,               0.002575
                    152,                0.96839,                0.55022,                 1.2198,                0.98033,                0.96489,                0.98333,                0.72865,                0.95736,                0.35775,                 1.2161,              0.0025255,              0.0025255,              0.0025255
                    153,                0.96646,                0.55327,                  1.227,                0.98472,                0.95744,                0.98347,                 0.7281,                0.95801,                  0.357,                  1.216,               0.002476,               0.002476,               0.002476
                    154,                0.98353,                 0.5625,                 1.2416,                0.98543,                0.95899,                0.98388,                0.73014,                 0.9569,                0.35614,                 1.2161,              0.0024265,              0.0024265,              0.0024265
                    155,                 0.9635,                0.55495,                 1.2263,                0.98372,                0.96016,                0.98382,                0.72972,                0.95823,                0.35417,                  1.216,               0.002377,               0.002377,               0.002377
                    156,                0.97253,                0.55819,                 1.2396,                0.98076,                0.96363,                0.98377,                0.73107,                0.95948,                0.35522,                 1.2166,              0.0023275,              0.0023275,              0.0023275
                    157,                0.95492,                0.54389,                 1.2206,                0.98336,                0.96286,                0.98291,                0.73014,                0.96144,                0.35567,                 1.2174,               0.002278,               0.002278,               0.002278
                    158,                0.95846,                0.54524,                 1.2121,                 0.9868,                0.95936,                0.98349,                 0.7296,                0.95953,                0.35477,                 1.2165,              0.0022285,              0.0022285,              0.0022285
                    159,                0.95672,                0.53941,                 1.2071,                0.98353,                0.95881,                0.98298,                0.72974,                0.96049,                0.35534,                 1.2171,               0.002179,               0.002179,               0.002179
                    160,                0.95656,                0.54013,                 1.2179,                0.98648,                0.95679,                0.98327,                0.72713,                 0.9586,                0.35534,                 1.2174,              0.0021295,              0.0021295,              0.0021295
                    161,                0.95988,                0.55138,                 1.2176,                0.98787,                0.95611,                0.98326,                0.72736,                0.96032,                0.35608,                 1.2185,                0.00208,                0.00208,                0.00208
                    162,                0.95649,                0.55031,                 1.2132,                0.98707,                0.95611,                0.98215,                0.72599,                0.96285,                0.35756,                 1.2193,              0.0020305,              0.0020305,              0.0020305
                    163,                0.94361,                0.53487,                  1.214,                0.98594,                0.95746,                 0.9822,                0.72489,                0.96457,                0.35808,                 1.2193,               0.001981,               0.001981,               0.001981
                    164,                0.95758,                0.54076,                 1.2172,                0.98676,                0.95633,                0.98237,                0.72414,                0.96661,                0.35968,                 1.2204,              0.0019315,              0.0019315,              0.0019315
                    165,                0.95055,                0.53666,                 1.2216,                0.98533,                0.95746,                0.98363,                0.72183,                0.96721,                0.35963,                 1.2203,               0.001882,               0.001882,               0.001882
                    166,                 0.9402,                0.52756,                 1.2061,                0.98475,                0.95933,                0.98255,                 0.7237,                0.96366,                0.35699,                 1.2189,              0.0018325,              0.0018325,              0.0018325
                    167,                0.95265,                0.54554,                 1.2114,                0.98476,                0.96016,                0.98222,                0.72309,                0.96287,                0.35725,                 1.2191,               0.001783,               0.001783,               0.001783
                    168,                0.92686,                0.51895,                  1.199,                0.98474,                0.95882,                0.98256,                0.72527,                0.96168,                0.35639,                 1.2179,              0.0017335,              0.0017335,              0.0017335
                    169,                0.94484,                0.53014,                 1.2161,                0.97614,                0.96678,                0.98252,                 0.7252,                0.96088,                0.35628,                 1.2171,               0.001684,               0.001684,               0.001684
                    170,                0.93924,                0.53216,                 1.2109,                0.97748,                0.96716,                0.98234,                0.72591,                0.96022,                0.35531,                 1.2163,              0.0016345,              0.0016345,              0.0016345
                    171,                0.94548,                0.52646,                 1.2028,                0.97935,                0.96354,                0.98253,                0.72536,                0.95959,                0.35387,                 1.2163,               0.001585,               0.001585,               0.001585
                    172,                0.93678,                0.52743,                 1.2051,                0.97678,                0.96555,                0.98271,                0.72466,                0.96113,                 0.3541,                 1.2175,              0.0015355,              0.0015355,              0.0015355
                    173,                0.93483,                0.52757,                 1.2059,                0.97743,                0.96515,                0.98306,                0.72533,                0.95998,                0.35411,                 1.2175,               0.001486,               0.001486,               0.001486
                    174,                0.93449,                0.53369,                 1.2035,                0.97832,                0.96219,                0.98317,                0.72471,                0.96116,                0.35524,                 1.2182,              0.0014365,              0.0014365,              0.0014365
                    175,                 0.9359,                0.52559,                 1.2039,                0.98273,                0.95881,                0.98411,                0.72528,                0.96074,                0.35451,                 1.2186,               0.001387,               0.001387,               0.001387
                    176,                0.92545,                0.52493,                 1.2008,                0.98269,                0.95825,                0.98371,                0.72567,                0.96261,                0.35393,                 1.2198,              0.0013375,              0.0013375,              0.0013375
                    177,                0.93027,                0.52543,                 1.1972,                0.98269,                0.95849,                0.98315,                0.72689,                0.96297,                0.35434,                 1.2207,               0.001288,               0.001288,               0.001288
                    178,                0.92337,                0.52106,                 1.1908,                0.98269,                0.96016,                0.98336,                0.72746,                0.96284,                0.35449,                 1.2214,              0.0012385,              0.0012385,              0.0012385
                    179,                0.92672,                0.51722,                 1.1964,                0.98272,                0.96025,                0.98332,                0.72741,                0.96211,                0.35444,                 1.2221,               0.001189,               0.001189,               0.001189
                    180,                0.90979,                0.51245,                 1.1851,                0.98564,                0.95746,                 0.9833,                0.72815,                0.96216,                0.35497,                 1.2228,              0.0011395,              0.0011395,              0.0011395
                    181,                0.91059,                0.51157,                 1.1937,                0.98205,                0.96037,                0.98326,                0.72816,                0.96235,                0.35472,                 1.2232,                0.00109,                0.00109,                0.00109
                    182,                0.91499,                0.51747,                 1.1972,                 0.9841,                0.96107,                0.98315,                0.72683,                0.96145,                0.35452,                 1.2231,              0.0010405,              0.0010405,              0.0010405
                    183,                0.92584,                0.51676,                 1.2025,                0.98325,                0.96286,                0.98303,                0.72612,                0.96212,                0.35413,                 1.2239,               0.000991,               0.000991,               0.000991
                    184,                0.92031,                0.51942,                 1.1985,                0.98171,                0.96219,                0.98304,                0.72582,                0.96344,                0.35382,                  1.225,              0.0009415,              0.0009415,              0.0009415
                    185,                0.91176,                0.51351,                 1.1864,                0.98241,                0.96219,                0.98309,                0.72566,                0.96451,                0.35406,                 1.2258,               0.000892,               0.000892,               0.000892
                    186,                0.89749,                0.50751,                 1.1799,                0.98359,                0.96219,                0.98332,                0.72517,                0.96501,                0.35373,                 1.2266,              0.0008425,              0.0008425,              0.0008425
                    187,                0.91068,                0.51284,                 1.1839,                0.98344,                 0.9624,                 0.9833,                0.72588,                0.96557,                0.35377,                 1.2268,               0.000793,               0.000793,               0.000793
                    188,                0.90437,                0.50181,                 1.1878,                0.98481,                0.96291,                0.98337,                 0.7259,                0.96614,                0.35475,                 1.2277,              0.0007435,              0.0007435,              0.0007435
                    189,                 0.9034,                0.50931,                  1.187,                0.98546,                0.96088,                0.98335,                0.72593,                0.96637,                  0.355,                 1.2283,               0.000694,               0.000694,               0.000694
                    190,                0.83105,                0.35199,                 1.1733,                  0.985,                0.96151,                 0.9833,                0.72613,                0.96649,                0.35497,                 1.2287,              0.0006445,              0.0006445,              0.0006445
                    191,                 0.8161,                0.34581,                 1.1726,                 0.9851,                0.96084,                0.98313,                0.72585,                 0.9662,                0.35507,                 1.2286,               0.000595,               0.000595,               0.000595
                    192,                0.81066,                0.33849,                 1.1662,                 0.9853,                0.96151,                0.98316,                0.72569,                0.96601,                0.35535,                 1.2285,              0.0005455,              0.0005455,              0.0005455
                    193,                0.81361,                 0.3378,                 1.1638,                0.98482,                0.96151,                0.98357,                0.72598,                0.96631,                0.35569,                 1.2288,               0.000496,               0.000496,               0.000496
                    194,                0.81035,                0.33838,                 1.1619,                 0.9848,                0.96245,                0.98358,                0.72572,                0.96693,                0.35576,                 1.2294,              0.0004465,              0.0004465,              0.0004465
                    195,                0.80591,                0.33296,                 1.1626,                0.98396,                0.96219,                0.98364,                0.72544,                0.96732,                0.35577,                 1.2294,               0.000397,               0.000397,               0.000397
                    196,                0.79869,                0.32851,                 1.1569,                0.98546,                0.96131,                0.98379,                0.72593,                0.96745,                0.35508,                 1.2298,              0.0003475,              0.0003475,              0.0003475
                    197,                0.80224,                 0.3327,                 1.1519,                0.98207,                0.96165,                0.98381,                0.72619,                0.96783,                0.35452,                   1.23,               0.000298,               0.000298,               0.000298
                    198,                0.80012,                0.33418,                 1.1591,                0.98255,                0.96084,                0.98383,                0.72484,                0.96833,                0.35421,                 1.2303,              0.0002485,              0.0002485,              0.0002485
                    199,                0.80135,                0.33222,                 1.1579,                0.98409,                0.96052,                0.98379,                0.72486,                0.96856,                0.35376,                 1.2306,               0.000199,               0.000199,               0.000199
